{"PCckdMyW6ygy-uV4AAAA":{"pos":[0.34357316087308004,0.1793002915451895],"hue":34.34307006117376},"WZ0WtceV5n9uaSAYAAAB":{"pos":[0.8536782538399353,0.48542274052478135],"hue":294.9683746448775},"Xef6oaIwz3Ga37mFAAAC":{"pos":[0.21422797089733225,0.6297376093294461],"hue":73.3551700793061},"h5bbXMFX0uUApu22AAAD":{"pos":[0.8189167340339532,0.24635568513119532],"hue":345.4198585494863}}